quadkey,fire,dist_to_fire_km,valid_overlap,center_lon,center_lat,pre_date,post_date,pre_acq,post_acq,pre_off_nadir,post_off_nadir,off_nadir_diff,pre_gsd,post_gsd,epsg,pre_visual,post_visual,pre_ms,post_ms,n_pre_candidates,n_post_candidates
031311103033,Eaton,2.88,1.0,-118.11212,34.16877,2025-01-01,2025-01-10,10400100A17E8600,1050010040277300,23.8,7.5,16.3,0.36,0.42,32611,https://maxar-opendata.s3.amazonaws.com/events/WildFires-LosAngeles-Jan-2025/ard/11/031311103033/2025-01-01/10400100A17E8600-visual.tif,https://maxar-opendata.s3.amazonaws.com/events/WildFires-LosAngeles-Jan-2025/ard/11/031311103033/2025-01-10/1050010040277300-visual.tif,https://maxar-opendata.s3.amazonaws.com/events/WildFires-LosAngeles-Jan-2025/ard/11/031311103033/2025-01-01/10400100A17E8600-ms.tif,https://maxar-opendata.s3.amazonaws.com/events/WildFires-LosAngeles-Jan-2025/ard/11/031311103033/2025-01-10/1050010040277300-ms.tif,2,5
031311102212,Palisades,5.15,1.0,-118.59871,34.08289,2024-12-21,2025-01-13,10400100A17B5900,103001010B9A1B00,20.1,39.3,19.199999999999996,0.35,0.76,32611,https://maxar-opendata.s3.amazonaws.com/events/WildFires-LosAngeles-Jan-2025/ard/11/031311102212/2024-12-21/10400100A17B5900-visual.tif,https://maxar-opendata.s3.amazonaws.com/events/WildFires-LosAngeles-Jan-2025/ard/11/031311102212/2025-01-13/103001010B9A1B00-visual.tif,https://maxar-opendata.s3.amazonaws.com/events/WildFires-LosAngeles-Jan-2025/ard/11/031311102212/2024-12-21/10400100A17B5900-ms.tif,https://maxar-opendata.s3.amazonaws.com/events/WildFires-LosAngeles-Jan-2025/ard/11/031311102212/2025-01-13/103001010B9A1B00-ms.tif,1,9
031311103122,Eaton,6.77,0.906,-118.06128,34.16832,2024-12-26,2025-01-14,10400100A1028F00,103001010C360000,25.3,20.2,5.100000000000001,0.37,0.52,32611,https://maxar-opendata.s3.amazonaws.com/events/WildFires-LosAngeles-Jan-2025/ard/11/031311103122/2024-12-26/10400100A1028F00-visual.tif,https://maxar-opendata.s3.amazonaws.com/events/WildFires-LosAngeles-Jan-2025/ard/11/031311103122/2025-01-14/103001010C360000-visual.tif,https://maxar-opendata.s3.amazonaws.com/events/WildFires-LosAngeles-Jan-2025/ard/11/031311103122/2024-12-26/10400100A1028F00-ms.tif,https://maxar-opendata.s3.amazonaws.com/events/WildFires-LosAngeles-Jan-2025/ard/11/031311103122/2025-01-14/103001010C360000-ms.tif,3,5
031311102210,Palisades,8.17,1.0,-118.59956,34.12796,2024-12-21,2025-01-09,10400100A17B5900,10400100A069A700,20.0,26.8,6.800000000000001,0.35,0.38,32611,https://maxar-opendata.s3.amazonaws.com/events/WildFires-LosAngeles-Jan-2025/ard/11/031311102210/2024-12-21/10400100A17B5900-visual.tif,https://maxar-opendata.s3.amazonaws.com/events/WildFires-LosAngeles-Jan-2025/ard/11/031311102210/2025-01-09/10400100A069A700-visual.tif,https://maxar-opendata.s3.amazonaws.com/events/WildFires-LosAngeles-Jan-2025/ard/11/031311102210/2024-12-21/10400100A17B5900-ms.tif,https://maxar-opendata.s3.amazonaws.com/events/WildFires-LosAngeles-Jan-2025/ard/11/031311102210/2025-01-09/10400100A069A700-ms.tif,1,11
031311102201,Palisades,10.51,,-118.6356,34.12749,2024-12-21,2025-01-09,10400100A17B5900,10400100A069A700,19.7,26.5,6.800000000000001,0.35,0.38,32611,https://maxar-opendata.s3.amazonaws.com/events/WildFires-LosAngeles-Jan-2025/ard/11/031311102201/2024-12-21/10400100A17B5900-visual.tif,https://maxar-opendata.s3.amazonaws.com/events/WildFires-LosAngeles-Jan-2025/ard/11/031311102201/2025-01-09/10400100A069A700-visual.tif,https://maxar-opendata.s3.amazonaws.com/events/WildFires-LosAngeles-Jan-2025/ard/11/031311102201/2024-12-21/10400100A17B5900-ms.tif,https://maxar-opendata.s3.amazonaws.com/events/WildFires-LosAngeles-Jan-2025/ard/11/031311102201/2025-01-09/10400100A069A700-ms.tif,1,9
031311102033,Palisades,11.59,,-118.55863,34.17358,2024-12-21,2025-01-09,10400100A17B5900,10400100A069A700,20.2,27.1,6.900000000000002,0.35,0.38,32611,https://maxar-opendata.s3.amazonaws.com/events/WildFires-LosAngeles-Jan-2025/ard/11/031311102033/2024-12-21/10400100A17B5900-visual.tif,https://maxar-opendata.s3.amazonaws.com/events/WildFires-LosAngeles-Jan-2025/ard/11/031311102033/2025-01-09/10400100A069A700-visual.tif,https://maxar-opendata.s3.amazonaws.com/events/WildFires-LosAngeles-Jan-2025/ard/11/031311102033/2024-12-21/10400100A17B5900-ms.tif,https://maxar-opendata.s3.amazonaws.com/events/WildFires-LosAngeles-Jan-2025/ard/11/031311102033/2025-01-09/10400100A069A700-ms.tif,1,8
031311102032,Palisades,12.54,,-118.60041,34.17304,2024-12-21,2025-01-09,10400100A17B5900,10400100A069A700,19.9,26.7,6.800000000000001,0.35,0.38,32611,https://maxar-opendata.s3.amazonaws.com/events/WildFires-LosAngeles-Jan-2025/ard/11/031311102032/2024-12-21/10400100A17B5900-visual.tif,https://maxar-opendata.s3.amazonaws.com/events/WildFires-LosAngeles-Jan-2025/ard/11/031311102032/2025-01-09/10400100A069A700-visual.tif,https://maxar-opendata.s3.amazonaws.com/events/WildFires-LosAngeles-Jan-2025/ard/11/031311102032/2024-12-21/10400100A17B5900-ms.tif,https://maxar-opendata.s3.amazonaws.com/events/WildFires-LosAngeles-Jan-2025/ard/11/031311102032/2025-01-09/10400100A069A700-ms.tif,1,8
031311102023,Palisades,14.18,,-118.63651,34.17256,2024-12-21,2025-01-09,10400100A17B5900,10400100A069A700,19.6,26.4,6.799999999999997,0.35,0.38,32611,https://maxar-opendata.s3.amazonaws.com/events/WildFires-LosAngeles-Jan-2025/ard/11/031311102023/2024-12-21/10400100A17B5900-visual.tif,https://maxar-opendata.s3.amazonaws.com/events/WildFires-LosAngeles-Jan-2025/ard/11/031311102023/2025-01-09/10400100A069A700-visual.tif,https://maxar-opendata.s3.amazonaws.com/events/WildFires-LosAngeles-Jan-2025/ard/11/031311102023/2024-12-21/10400100A17B5900-ms.tif,https://maxar-opendata.s3.amazonaws.com/events/WildFires-LosAngeles-Jan-2025/ard/11/031311102023/2025-01-09/10400100A069A700-ms.tif,1,5
031311102031,Palisades,16.55,,-118.54703,34.21881,2024-12-21,2025-01-09,10400100A17B5900,10400100A069A700,20.1,27.0,6.899999999999999,0.35,0.38,32611,https://maxar-opendata.s3.amazonaws.com/events/WildFires-LosAngeles-Jan-2025/ard/11/031311102031/2024-12-21/10400100A17B5900-visual.tif,https://maxar-opendata.s3.amazonaws.com/events/WildFires-LosAngeles-Jan-2025/ard/11/031311102031/2025-01-09/10400100A069A700-visual.tif,https://maxar-opendata.s3.amazonaws.com/events/WildFires-LosAngeles-Jan-2025/ard/11/031311102031/2024-12-21/10400100A17B5900-ms.tif,https://maxar-opendata.s3.amazonaws.com/events/WildFires-LosAngeles-Jan-2025/ard/11/031311102031/2025-01-09/10400100A069A700-ms.tif,2,5
031311102030,Palisades,17.26,,-118.60126,34.21811,2024-12-21,2025-01-09,10400100A17B5900,10400100A069A700,19.8,26.6,6.800000000000001,0.35,0.38,32611,https://maxar-opendata.s3.amazonaws.com/events/WildFires-LosAngeles-Jan-2025/ard/11/031311102030/2024-12-21/10400100A17B5900-visual.tif,https://maxar-opendata.s3.amazonaws.com/events/WildFires-LosAngeles-Jan-2025/ard/11/031311102030/2025-01-09/10400100A069A700-visual.tif,https://maxar-opendata.s3.amazonaws.com/events/WildFires-LosAngeles-Jan-2025/ard/11/031311102030/2024-12-21/10400100A17B5900-ms.tif,https://maxar-opendata.s3.amazonaws.com/events/WildFires-LosAngeles-Jan-2025/ard/11/031311102030/2025-01-09/10400100A069A700-ms.tif,2,5
031311102120,Palisades,17.48,,-118.49281,34.22113,2024-12-14,2025-01-09,103001010A705C00,10400100A20D9300,28.1,28.2,0.09999999999999787,0.59,0.39,32611,https://maxar-opendata.s3.amazonaws.com/events/WildFires-LosAngeles-Jan-2025/ard/11/031311102120/2024-12-14/103001010A705C00-visual.tif,https://maxar-opendata.s3.amazonaws.com/events/WildFires-LosAngeles-Jan-2025/ard/11/031311102120/2025-01-09/10400100A20D9300-visual.tif,https://maxar-opendata.s3.amazonaws.com/events/WildFires-LosAngeles-Jan-2025/ard/11/031311102120/2024-12-14/103001010A705C00-ms.tif,https://maxar-opendata.s3.amazonaws.com/events/WildFires-LosAngeles-Jan-2025/ard/11/031311102120/2025-01-09/10400100A20D9300-ms.tif,1,6
031311102021,Palisades,18.49,,-118.63743,34.21764,2024-12-21,2025-01-09,10400100A17B5900,10400100A069A700,19.5,26.3,6.800000000000001,0.34,0.38,32611,https://maxar-opendata.s3.amazonaws.com/events/WildFires-LosAngeles-Jan-2025/ard/11/031311102021/2024-12-21/10400100A17B5900-visual.tif,https://maxar-opendata.s3.amazonaws.com/events/WildFires-LosAngeles-Jan-2025/ard/11/031311102021/2025-01-09/10400100A069A700-visual.tif,https://maxar-opendata.s3.amazonaws.com/events/WildFires-LosAngeles-Jan-2025/ard/11/031311102021/2024-12-21/10400100A17B5900-ms.tif,https://maxar-opendata.s3.amazonaws.com/events/WildFires-LosAngeles-Jan-2025/ard/11/031311102021/2025-01-09/10400100A069A700-ms.tif,2,4
031311102013,Palisades,21.59,,-118.53529,34.26404,2024-12-21,2025-01-09,10400100A17B5900,10400100A069A700,20.0,26.9,6.899999999999999,0.35,0.38,32611,https://maxar-opendata.s3.amazonaws.com/events/WildFires-LosAngeles-Jan-2025/ard/11/031311102013/2024-12-21/10400100A17B5900-visual.tif,https://maxar-opendata.s3.amazonaws.com/events/WildFires-LosAngeles-Jan-2025/ard/11/031311102013/2025-01-09/10400100A069A700-visual.tif,https://maxar-opendata.s3.amazonaws.com/events/WildFires-LosAngeles-Jan-2025/ard/11/031311102013/2024-12-21/10400100A17B5900-ms.tif,https://maxar-opendata.s3.amazonaws.com/events/WildFires-LosAngeles-Jan-2025/ard/11/031311102013/2025-01-09/10400100A069A700-ms.tif,4,5
031311102102,Palisades,22.22,,-118.49357,34.2652,2024-12-14,2025-01-09,103001010A705C00,10400100A20D9300,28.1,28.3,0.1999999999999993,0.59,0.39,32611,https://maxar-opendata.s3.amazonaws.com/events/WildFires-LosAngeles-Jan-2025/ard/11/031311102102/2024-12-14/103001010A705C00-visual.tif,https://maxar-opendata.s3.amazonaws.com/events/WildFires-LosAngeles-Jan-2025/ard/11/031311102102/2025-01-09/10400100A20D9300-visual.tif,https://maxar-opendata.s3.amazonaws.com/events/WildFires-LosAngeles-Jan-2025/ard/11/031311102102/2024-12-14/103001010A705C00-ms.tif,https://maxar-opendata.s3.amazonaws.com/events/WildFires-LosAngeles-Jan-2025/ard/11/031311102102/2025-01-09/10400100A20D9300-ms.tif,2,6
031311102012,Palisades,22.36,,-118.60217,34.26542,2024-12-21,2025-01-09,10400100A17B5900,10400100A069A700,19.7,26.6,6.900000000000002,0.35,0.38,32611,https://maxar-opendata.s3.amazonaws.com/events/WildFires-LosAngeles-Jan-2025/ard/11/031311102012/2024-12-21/10400100A17B5900-visual.tif,https://maxar-opendata.s3.amazonaws.com/events/WildFires-LosAngeles-Jan-2025/ard/11/031311102012/2025-01-09/10400100A069A700-visual.tif,https://maxar-opendata.s3.amazonaws.com/events/WildFires-LosAngeles-Jan-2025/ard/11/031311102012/2024-12-21/10400100A17B5900-ms.tif,https://maxar-opendata.s3.amazonaws.com/events/WildFires-LosAngeles-Jan-2025/ard/11/031311102012/2025-01-09/10400100A069A700-ms.tif,3,4
031311102003,Palisades,23.74,,-118.63846,34.26901,2024-12-21,2025-01-09,10400100A17B5900,10400100A069A700,19.4,26.3,6.900000000000002,0.34,0.38,32611,https://maxar-opendata.s3.amazonaws.com/events/WildFires-LosAngeles-Jan-2025/ard/11/031311102003/2024-12-21/10400100A17B5900-visual.tif,https://maxar-opendata.s3.amazonaws.com/events/WildFires-LosAngeles-Jan-2025/ard/11/031311102003/2025-01-09/10400100A069A700-visual.tif,https://maxar-opendata.s3.amazonaws.com/events/WildFires-LosAngeles-Jan-2025/ard/11/031311102003/2024-12-21/10400100A17B5900-ms.tif,https://maxar-opendata.s3.amazonaws.com/events/WildFires-LosAngeles-Jan-2025/ard/11/031311102003/2025-01-09/10400100A069A700-ms.tif,2,3
031311102103,Palisades,24.0,,-118.43936,34.26731,2024-12-14,2025-01-09,104001009F982A00,10400100A20D9300,22.5,28.7,6.199999999999999,0.36,0.39,32611,https://maxar-opendata.s3.amazonaws.com/events/WildFires-LosAngeles-Jan-2025/ard/11/031311102103/2024-12-14/104001009F982A00-visual.tif,https://maxar-opendata.s3.amazonaws.com/events/WildFires-LosAngeles-Jan-2025/ard/11/031311102103/2025-01-09/10400100A20D9300-visual.tif,https://maxar-opendata.s3.amazonaws.com/events/WildFires-LosAngeles-Jan-2025/ard/11/031311102103/2024-12-14/104001009F982A00-ms.tif,https://maxar-opendata.s3.amazonaws.com/events/WildFires-LosAngeles-Jan-2025/ard/11/031311102103/2025-01-09/10400100A20D9300-ms.tif,1,3
031311102011,Palisades,26.6,,-118.53555,34.30912,2024-12-14,2025-01-09,10400100A1989500,10400100A069A700,18.1,26.8,8.7,0.34,0.38,32611,https://maxar-opendata.s3.amazonaws.com/events/WildFires-LosAngeles-Jan-2025/ard/11/031311102011/2024-12-14/10400100A1989500-visual.tif,https://maxar-opendata.s3.amazonaws.com/events/WildFires-LosAngeles-Jan-2025/ard/11/031311102011/2025-01-09/10400100A069A700-visual.tif,https://maxar-opendata.s3.amazonaws.com/events/WildFires-LosAngeles-Jan-2025/ard/11/031311102011/2024-12-14/10400100A1989500-ms.tif,https://maxar-opendata.s3.amazonaws.com/events/WildFires-LosAngeles-Jan-2025/ard/11/031311102011/2025-01-09/10400100A069A700-ms.tif,2,6
031311102010,Palisades,27.02,,-118.60297,34.30826,2024-12-21,2025-01-09,10400100A17B5900,10400100A069A700,19.7,26.5,6.800000000000001,0.35,0.38,32611,https://maxar-opendata.s3.amazonaws.com/events/WildFires-LosAngeles-Jan-2025/ard/11/031311102010/2024-12-21/10400100A17B5900-visual.tif,https://maxar-opendata.s3.amazonaws.com/events/WildFires-LosAngeles-Jan-2025/ard/11/031311102010/2025-01-09/10400100A069A700-visual.tif,https://maxar-opendata.s3.amazonaws.com/events/WildFires-LosAngeles-Jan-2025/ard/11/031311102010/2024-12-21/10400100A17B5900-ms.tif,https://maxar-opendata.s3.amazonaws.com/events/WildFires-LosAngeles-Jan-2025/ard/11/031311102010/2025-01-09/10400100A069A700-ms.tif,3,4
031311102100,Palisades,27.05,,-118.49433,34.30964,2024-12-14,2025-01-09,104001009F982A00,10400100A20D9300,22.7,28.5,5.800000000000001,0.36,0.39,32611,https://maxar-opendata.s3.amazonaws.com/events/WildFires-LosAngeles-Jan-2025/ard/11/031311102100/2024-12-14/104001009F982A00-visual.tif,https://maxar-opendata.s3.amazonaws.com/events/WildFires-LosAngeles-Jan-2025/ard/11/031311102100/2025-01-09/10400100A20D9300-visual.tif,https://maxar-opendata.s3.amazonaws.com/events/WildFires-LosAngeles-Jan-2025/ard/11/031311102100/2024-12-14/104001009F982A00-ms.tif,https://maxar-opendata.s3.amazonaws.com/events/WildFires-LosAngeles-Jan-2025/ard/11/031311102100/2025-01-09/10400100A20D9300-ms.tif,1,8
031311102001,Palisades,27.83,,-118.63926,34.30778,2024-12-21,2025-01-09,10400100A17B5900,10400100A069A700,19.3,26.2,6.899999999999999,0.34,0.38,32611,https://maxar-opendata.s3.amazonaws.com/events/WildFires-LosAngeles-Jan-2025/ard/11/031311102001/2024-12-21/10400100A17B5900-visual.tif,https://maxar-opendata.s3.amazonaws.com/events/WildFires-LosAngeles-Jan-2025/ard/11/031311102001/2025-01-09/10400100A069A700-visual.tif,https://maxar-opendata.s3.amazonaws.com/events/WildFires-LosAngeles-Jan-2025/ard/11/031311102001/2024-12-21/10400100A17B5900-ms.tif,https://maxar-opendata.s3.amazonaws.com/events/WildFires-LosAngeles-Jan-2025/ard/11/031311102001/2025-01-09/10400100A069A700-ms.tif,3,4
031311102101,Palisades,28.41,,-118.44,34.31029,2024-12-14,2025-01-09,104001009F982A00,10400100A20D9300,22.5,28.8,6.300000000000001,0.36,0.39,32611,https://maxar-opendata.s3.amazonaws.com/events/WildFires-LosAngeles-Jan-2025/ard/11/031311102101/2024-12-14/104001009F982A00-visual.tif,https://maxar-opendata.s3.amazonaws.com/events/WildFires-LosAngeles-Jan-2025/ard/11/031311102101/2025-01-09/10400100A20D9300-visual.tif,https://maxar-opendata.s3.amazonaws.com/events/WildFires-LosAngeles-Jan-2025/ard/11/031311102101/2024-12-14/104001009F982A00-ms.tif,https://maxar-opendata.s3.amazonaws.com/events/WildFires-LosAngeles-Jan-2025/ard/11/031311102101/2025-01-09/10400100A20D9300-ms.tif,1,6
031311102110,Eaton,29.0,,-118.40972,34.31065,2024-12-21,2025-01-14,10400100A0BD9A00,10400100A0BAD600,27.1,16.5,10.600000000000001,0.38,0.33,32611,https://maxar-opendata.s3.amazonaws.com/events/WildFires-LosAngeles-Jan-2025/ard/11/031311102110/2024-12-21/10400100A0BD9A00-visual.tif,https://maxar-opendata.s3.amazonaws.com/events/WildFires-LosAngeles-Jan-2025/ard/11/031311102110/2025-01-14/10400100A0BAD600-visual.tif,https://maxar-opendata.s3.amazonaws.com/events/WildFires-LosAngeles-Jan-2025/ard/11/031311102110/2024-12-21/10400100A0BD9A00-ms.tif,https://maxar-opendata.s3.amazonaws.com/events/WildFires-LosAngeles-Jan-2025/ard/11/031311102110/2025-01-14/10400100A0BAD600-ms.tif,1,4
031311100332,Eaton,31.34,,-118.40862,34.35261,2024-12-21,2025-01-14,10400100A0BD9A00,10400100A0BAD600,27.5,16.5,11.0,0.38,0.33,32611,https://maxar-opendata.s3.amazonaws.com/events/WildFires-LosAngeles-Jan-2025/ard/11/031311100332/2024-12-21/10400100A0BD9A00-visual.tif,https://maxar-opendata.s3.amazonaws.com/events/WildFires-LosAngeles-Jan-2025/ard/11/031311100332/2025-01-14/10400100A0BAD600-visual.tif,https://maxar-opendata.s3.amazonaws.com/events/WildFires-LosAngeles-Jan-2025/ard/11/031311100332/2024-12-21/10400100A0BD9A00-ms.tif,https://maxar-opendata.s3.amazonaws.com/events/WildFires-LosAngeles-Jan-2025/ard/11/031311100332/2025-01-14/10400100A0BAD600-ms.tif,1,4
031311100233,Palisades,31.58,,-118.54948,34.35397,2024-12-14,2025-01-09,10400100A1989500,10400100A069A700,17.4,26.7,9.3,0.34,0.38,32611,https://maxar-opendata.s3.amazonaws.com/events/WildFires-LosAngeles-Jan-2025/ard/11/031311100233/2024-12-14/10400100A1989500-visual.tif,https://maxar-opendata.s3.amazonaws.com/events/WildFires-LosAngeles-Jan-2025/ard/11/031311100233/2025-01-09/10400100A069A700-visual.tif,https://maxar-opendata.s3.amazonaws.com/events/WildFires-LosAngeles-Jan-2025/ard/11/031311100233/2024-12-14/10400100A1989500-ms.tif,https://maxar-opendata.s3.amazonaws.com/events/WildFires-LosAngeles-Jan-2025/ard/11/031311100233/2025-01-09/10400100A069A700-ms.tif,1,6
031311100232,Palisades,31.97,,-118.60383,34.35334,2024-12-14,2025-01-09,10400100A1989500,10400100A069A700,17.6,26.4,8.799999999999997,0.34,0.38,32611,https://maxar-opendata.s3.amazonaws.com/events/WildFires-LosAngeles-Jan-2025/ard/11/031311100232/2024-12-14/10400100A1989500-visual.tif,https://maxar-opendata.s3.amazonaws.com/events/WildFires-LosAngeles-Jan-2025/ard/11/031311100232/2025-01-09/10400100A069A700-visual.tif,https://maxar-opendata.s3.amazonaws.com/events/WildFires-LosAngeles-Jan-2025/ard/11/031311100232/2024-12-14/10400100A1989500-ms.tif,https://maxar-opendata.s3.amazonaws.com/events/WildFires-LosAngeles-Jan-2025/ard/11/031311100232/2025-01-09/10400100A069A700-ms.tif,1,4
031311100223,Palisades,32.65,,-118.64017,34.35286,2024-12-14,2025-01-09,10400100A0AEFE00,10400100A069A700,10.0,26.1,16.1,0.32,0.37,32611,https://maxar-opendata.s3.amazonaws.com/events/WildFires-LosAngeles-Jan-2025/ard/11/031311100223/2024-12-14/10400100A0AEFE00-visual.tif,https://maxar-opendata.s3.amazonaws.com/events/WildFires-LosAngeles-Jan-2025/ard/11/031311100223/2025-01-09/10400100A069A700-visual.tif,https://maxar-opendata.s3.amazonaws.com/events/WildFires-LosAngeles-Jan-2025/ard/11/031311100223/2024-12-14/10400100A0AEFE00-ms.tif,https://maxar-opendata.s3.amazonaws.com/events/WildFires-LosAngeles-Jan-2025/ard/11/031311100223/2025-01-09/10400100A069A700-ms.tif,1,4
031311100231,Palisades,34.19,,-118.54991,34.37744,2024-12-14,2025-01-09,10400100A1989500,10400100A069A700,16.6,26.6,10.0,0.33,0.38,32611,https://maxar-opendata.s3.amazonaws.com/events/WildFires-LosAngeles-Jan-2025/ard/11/031311100231/2024-12-14/10400100A1989500-visual.tif,https://maxar-opendata.s3.amazonaws.com/events/WildFires-LosAngeles-Jan-2025/ard/11/031311100231/2025-01-09/10400100A069A700-visual.tif,https://maxar-opendata.s3.amazonaws.com/events/WildFires-LosAngeles-Jan-2025/ard/11/031311100231/2024-12-14/10400100A1989500-ms.tif,https://maxar-opendata.s3.amazonaws.com/events/WildFires-LosAngeles-Jan-2025/ard/11/031311100231/2025-01-09/10400100A069A700-ms.tif,1,5
031311100230,Palisades,34.7,,-118.6043,34.37818,2024-12-14,2025-01-09,10400100A1989500,104001009F2ED400,16.9,28.9,12.0,0.34,0.39,32611,https://maxar-opendata.s3.amazonaws.com/events/WildFires-LosAngeles-Jan-2025/ard/11/031311100230/2024-12-14/10400100A1989500-visual.tif,https://maxar-opendata.s3.amazonaws.com/events/WildFires-LosAngeles-Jan-2025/ard/11/031311100230/2025-01-09/104001009F2ED400-visual.tif,https://maxar-opendata.s3.amazonaws.com/events/WildFires-LosAngeles-Jan-2025/ard/11/031311100230/2024-12-14/10400100A1989500-ms.tif,https://maxar-opendata.s3.amazonaws.com/events/WildFires-LosAngeles-Jan-2025/ard/11/031311100230/2025-01-09/104001009F2ED400-ms.tif,1,5
031311100221,Palisades,35.41,,-118.64068,34.37843,2024-12-14,2025-01-09,10400100A0AEFE00,104001009F2ED400,10.1,28.6,18.5,0.32,0.39,32611,https://maxar-opendata.s3.amazonaws.com/events/WildFires-LosAngeles-Jan-2025/ard/11/031311100221/2024-12-14/10400100A0AEFE00-visual.tif,https://maxar-opendata.s3.amazonaws.com/events/WildFires-LosAngeles-Jan-2025/ard/11/031311100221/2025-01-09/104001009F2ED400-visual.tif,https://maxar-opendata.s3.amazonaws.com/events/WildFires-LosAngeles-Jan-2025/ard/11/031311100221/2024-12-14/10400100A0AEFE00-ms.tif,https://maxar-opendata.s3.amazonaws.com/events/WildFires-LosAngeles-Jan-2025/ard/11/031311100221/2025-01-09/104001009F2ED400-ms.tif,1,3
